CustomerDMACode,CustomerDMADescription,559,334,387,694,169,288,772
600,CORPUS CHRISTI,0.196969697,0.166666667,0.03030303,0.060606061,0,0.46969697,0
802,EUREKA,0.307692308,0,0.153846154,0.153846154,0.076923077,0.230769231,0
597,PARKERSBURG,0.315789474,0.131578947,0,0.052631579,0.078947368,0.342105263,0
582,"LAFAYETTE, IN",0.571428571,0.06377551,0.038265306,0.035714286,0.022959184,0.18877551,0
541,LEXINGTON,0.104991394,0.487091222,0.029259897,0.043889845,0.025817556,0.229776248,0.000860585
771,YUMA - EL CENTRO,0.2,0.155555556,0.088888889,0.088888889,0.044444444,0.333333333,0
559,BLUEFIELD - BECKLEY - OAK HILL,0.137254902,0.156862745,0,0.196078431,0.039215686,0.37254902,0